<?xml version="1.0" encoding="utf-8"?>
<spacebg>
	<theme>
		<title>shink1</title>
		<imgurl>/bg/default.jpg</imgurl>
		<thumburl>/bg/default.jpg</thumburl>
	</theme>
	<theme>
		<title>shink2</title>
		<imgurl>/bg/default2.jpg</imgurl>
		<thumburl>/bg/default2.jpg</thumburl>
	</theme>
	
	<theme>
		<title>shink3</title>
		<imgurl>/bg/default3.jpg</imgurl>
		<thumburl>/bg/default3.jpg</thumburl>
	</theme>

	<theme>
		<title>shink3</title>
		<imgurl>http://img9.5sing.kgimg.com/m/T1JQCLBydT1RXrhCrK.jpg</imgurl>
		<thumburl>http://img9.5sing.kgimg.com/m/T1JQCLBydT1RXrhCrK.jpg</thumburl>
	</theme>


	<theme>
		<title>shink4</title>
		<imgurl>http://img5.5sing.kgimg.com/force/T1P9h5B4xT1RXrhCrK_960_350.jpg</imgurl>
		<thumburl>http://img5.5sing.kgimg.com/force/T1P9h5B4xT1RXrhCrK_960_350.jpg</thumburl>
	</theme>
</spacebg>